<?xml version="1.0" encoding="UTF-8"?>
<project-private xmlns="http://www.netbeans.org/ns/project-private/1">
    <editor-bookmarks xmlns="http://www.netbeans.org/ns/editor-bookmarks/2" lastBookmarkId="0"/>
    <open-files xmlns="http://www.netbeans.org/ns/projectui-open-files/2">
        <group>
            <file>file:/C:/Users/david/Documents/NetBeansProjects/Proyecto_Final_jGym/src/proyecto_final_jgym/Proyecto_Final_jGym.java</file>
            <file>file:/C:/Users/david/Documents/NetBeansProjects/Proyecto_Final_jGym/src/proyecto_final_jgym/ClasesGym.java</file>
            <file>file:/C:/Users/david/Documents/NetBeansProjects/Proyecto_Final_jGym/src/proyecto_final_jgym/Equipamiento.java</file>
            <file>file:/C:/Users/david/Documents/NetBeansProjects/Proyecto_Final_jGym/src/proyecto_final_jgym/ConexionjGym.java</file>
            <file>file:/C:/Users/david/Documents/NetBeansProjects/Proyecto_Final_jGym/src/proyecto_final_jgym/LabelThread.java</file>
            <file>file:/C:/Users/david/Documents/NetBeansProjects/Proyecto_Final_jGym/src/proyecto_final_jgym/Pantalla.java</file>
            <file>file:/C:/Users/david/Documents/NetBeansProjects/Proyecto_Final_jGym/src/proyecto_final_jgym/Personas.java</file>
            <file>file:/C:/Users/david/Documents/NetBeansProjects/Proyecto_Final_jGym/src/proyecto_final_jgym/Cliente.java</file>
            <file>file:/C:/Users/david/Documents/NetBeansProjects/Proyecto_Final_jGym/src/proyecto_final_jgym/Empleado.java</file>
        </group>
    </open-files>
</project-private>
